{
  "n_queries": 4,
  "k": 6,
  "faithfulness": 0.23076923076923078,
  "answer_relevancy": 0.708777049843953,
  "context_precision": 0.0
}